1;abandoned;negative;en;;;
2;abused;negative;en;;;
3;abysmal;negative;en;;;
4;accused;negative;en;;;
5;addicted;negative;en;;;
6;adverse;negative;en;;;
7;afraid;negative;en;;;
8;aggravated;negative;en;;;
9;aggressive;negative;en;;;
10;alarming;negative;en;;;
11;alone;negative;en;;;
12;angry;negative;en;;;
13;anguish;negative;en;;;
14;annoy;negative;en;;;
15;annoyed;negative;en;;;
16;anxious;negative;en;;;
17;apathy;negative;en;;;
18;appalling;negative;en;;;
19;apprehensive;negative;en;;;
20;argumentative;negative;en;;;
21;artificial;negative;en;;;
22;ashamed;negative;en;;;
23;assaulted;negative;en;;;
24;at a loss;negative;en;;;
25;at risk;negative;en;;;
26;atrocious;negative;en;;;
27;attacked;negative;en;;;
28;avoided;negative;en;;;
29;awful;negative;en;;;
30;awkward;negative;en;;;
31;bad;negative;en;;;
32;badgered;negative;en;;;
33;baffled;negative;en;;;
34;banal;negative;en;;;
35;banned;negative;en;;;
36;barbed;negative;en;;;
37;barren;negative;en;;;
38;beat;negative;en;;;
39;beaten down;negative;en;;;
40;belittled;negative;en;;;
41;belligerent;negative;en;;;
42;bemoan;negative;en;;;
43;beneath;negative;en;;;
44;berated;negative;en;;;
45;betrayed;negative;en;;;
46;bitched at;negative;en;;;
47;bitter;negative;en;;;
48;bizzare;negative;en;;;
49;blacklisted;negative;en;;;
50;blackmailed;negative;en;;;
51;blamed;negative;en;;;
52;bleak;negative;en;;;
53;blown away;negative;en;;;
54;blur;negative;en;;;
55;bored;negative;en;;;
56;boring;negative;en;;;
57;bossed-around;negative;en;;;
58;bothered;negative;en;;;
59;bothersome;negative;en;;;
60;bounded;negative;en;;;
61;boxed-in;negative;en;;;
62;broken;negative;en;;;
63;bruised;negative;en;;;
64;brushed-off;negative;en;;;
65;bugged;negative;en;;;
66;bullied;negative;en;;;
67;bummed out;negative;en;;;
68;bummed;negative;en;;;
69;burdened;negative;en;;;
70;burdensome;negative;en;;;
71;burned;negative;en;;;
72;burned-out;negative;en;;;
73;caged in;negative;en;;;
74;callous;negative;en;;;
75;can't;negative;en;;;
76;careless;negative;en;;;
77;chaotic;negative;en;;;
78;chased;negative;en;;;
79;cheated on;negative;en;;;
80;cheated;negative;en;;;
81;chicken;negative;en;;;
82;claustrophobic;negative;en;;;
83;clingy;negative;en;;;
84;closed;negative;en;;;
85;clueless;negative;en;;;
86;clumsy;negative;en;;;
87;coarse;negative;en;;;
88;coaxed;negative;en;;;
89;codependent;negative;en;;;
90;coerced;negative;en;;;
91;cold;negative;en;;;
92;cold-hearted;negative;en;;;
93;collapse;negative;en;;;
94;combative;negative;en;;;
95;commanded;negative;en;;;
96;compared;negative;en;;;
97;competitive;negative;en;;;
98;compulsive;negative;en;;;
99;conceited;negative;en;;;
100;concerned;negative;en;;;
101;condescended to;negative;en;;;
102;confined;negative;en;;;
103;conflicted;negative;en;;;
104;confronted;negative;en;;;
105;confused;negative;en;;;
106;confused;negative;en;;;
107;conned;negative;en;;;
108;consumed;negative;en;;;
109;contemplative;negative;en;;;
110;contempt;negative;en;;;
111;contentious;negative;en;;;
112;contradictory;negative;en;;;
113;contrary;negative;en;;;
114;controlled;negative;en;;;
115;convicted;negative;en;;;
116;cornered;negative;en;;;
117;corralled;negative;en;;;
118;corrosive;negative;en;;;
119;corrupt;negative;en;;;
120;cowardly;negative;en;;;
121;crabby;negative;en;;;
122;cramped;negative;en;;;
123;cranky;negative;en;;;
124;crap;negative;en;;;
125;crappy;negative;en;;;
126;crazy;negative;en;;;
127;creeped out;negative;en;;;
128;creepy;negative;en;;;
129;criminal;negative;en;;;
130;critical;negative;en;;;
131;criticized;negative;en;;;
132;cross;negative;en;;;
133;crowded;negative;en;;;
134;cruddy;negative;en;;;
135;cruel;negative;en;;;
136;crummy;negative;en;;;
137;crushed;negative;en;;;
138;cry;negative;en;;;
139;cut-down;negative;en;;;
140;cut-off;negative;en;;;
141;cutting;negative;en;;;
142;cynical;negative;en;;;
143;damage;negative;en;;;
144;damaged;negative;en;;;
145;damaging;negative;en;;;
146;damned;negative;en;;;
147;dangerous;negative;en;;;
148;dark;negative;en;;;
149;dastardly;negative;en;;;
150;dazed;negative;en;;;
151;dead;negative;en;;;
152;decaying;negative;en;;;
153;deceived;negative;en;;;
154;deep;negative;en;;;
155;defamed;negative;en;;;
156;defeated;negative;en;;;
157;defective;negative;en;;;
158;defenseless;negative;en;;;
159;defensive;negative;en;;;
160;defiant;negative;en;;;
161;deficient;negative;en;;;
162;deflated;negative;en;;;
163;deformed;negative;en;;;
164;degraded;negative;en;;;
165;dehumanized;negative;en;;;
166;dejected;negative;en;;;
167;delicate;negative;en;;;
168;deluded;negative;en;;;
169;demanding;negative;en;;;
170;demeaned;negative;en;;;
171;demented;negative;en;;;
172;demotivated;negative;en;;;
173;deny;negative;en;;;
174;dependent;negative;en;;;
175;depleted;negative;en;;;
176;deplorable;negative;en;;;
177;depraved;negative;en;;;
178;depressed;negative;en;;;
179;deprived;negative;en;;;
180;deserted;negative;en;;;
181;deserving of pain/punishment;negative;en;;;
182;desolate;negative;en;;;
183;despair;negative;en;;;
184;despairing;negative;en;;;
185;desperate;negative;en;;;
186;despicable;negative;en;;;
187;despicable;negative;en;;;
188;despised;negative;en;;;
189;destroyed;negative;en;;;
190;destructive;negative;en;;;
191;detached;negative;en;;;
192;detest;negative;en;;;
193;detestable;negative;en;;;
194;detested;negative;en;;;
195;detrimental;negative;en;;;
196;devalued;negative;en;;;
197;devastated;negative;en;;;
198;deviant;negative;en;;;
199;devoid;negative;en;;;
200;diagnosed;negative;en;;;
201;dictated to;negative;en;;;
202;different;negative;en;;;
203;difficult;negative;en;;;
204;directionless;negative;en;;;
205;dirty;negative;en;;;
206;disabled;negative;en;;;
207;disagreeable;negative;en;;;
208;disappointed;negative;en;;;
209;disappointing;negative;en;;;
210;disapproved of;negative;en;;;
211;disbelieved;negative;en;;;
212;discardable;negative;en;;;
213;discarded;negative;en;;;
214;disconnected;negative;en;;;
215;discontent;negative;en;;;
216;discouraged;negative;en;;;
217;discriminated;negative;en;;;
218;disdain;negative;en;;;
219;disdainful;negative;en;;;
220;disease;negative;en;;;
221;disempowered;negative;en;;;
222;disenchanted;negative;en;;;
223;disgraced;negative;en;;;
224;disgruntled;negative;en;;;
225;disgust;negative;en;;;
226;disgusted;negative;en;;;
227;disgusting;negative;en;;;
228;disheartened;negative;en;;;
229;disheveled;negative;en;;;
230;dishonest;negative;en;;;
231;dishonorable;negative;en;;;
232;disillusioned;negative;en;;;
233;dislike;negative;en;;;
234;disliked;negative;en;;;
235;dismal;negative;en;;;
236;dismayed;negative;en;;;
237;disorganized;negative;en;;;
238;disoriented;negative;en;;;
239;disowned;negative;en;;;
240;displeased;negative;en;;;
241;disposable;negative;en;;;
242;disregarded;negative;en;;;
243;disrespected;negative;en;;;
244;dissatisfied;negative;en;;;
245;distant;negative;en;;;
246;distracted;negative;en;;;
247;distraught;negative;en;;;
248;distress;negative;en;;;
249;distressed;negative;en;;;
250;disturbed;negative;en;;;
251;dizzy;negative;en;;;
252;dominated;negative;en;;;
253;don't;negative;en;;;
254;doomed;negative;en;;;
255;double-crossed;negative;en;;;
256;doubted;negative;en;;;
257;doubtful;negative;en;;;
258;down and out;negative;en;;;
259;down in the dumps;negative;en;;;
260;down;negative;en;;;
261;downhearted;negative;en;;;
262;downtrodden;negative;en;;;
263;drained;negative;en;;;
264;dramatic;negative;en;;;
265;dread;negative;en;;;
266;dreadful;negative;en;;;
267;dreary;negative;en;;;
268;dreary;negative;en;;;
269;dropped;negative;en;;;
270;drunk;negative;en;;;
271;dry;negative;en;;;
272;dumb;negative;en;;;
273;dumped on;negative;en;;;
274;dumped;negative;en;;;
275;duped;negative;en;;;
276;edgy;negative;en;;;
277;egocentric;negative;en;;;
278;egotistic;negative;en;;;
279;egotistical;negative;en;;;
280;elusive;negative;en;;;
281;emancipated;negative;en;;;
282;emasculated;negative;en;;;
283;embarrassed;negative;en;;;
284;emotional;negative;en;;;
285;emotionally bankrupt;negative;en;;;
286;emotionless;negative;en;;;
287;empty;negative;en;;;
288;encumbered;negative;en;;;
289;endangered;negative;en;;;
290;enraged;negative;en;;;
291;enslaved;negative;en;;;
292;entangled;negative;en;;;
293;eroding;negative;en;;;
294;evaded;negative;en;;;
295;evasive;negative;en;;;
296;evicted;negative;en;;;
297;evil;negative;en;;;
298;excessive;negative;en;;;
299;excluded;negative;en;;;
300;exhausted;negative;en;;;
301;exploited;negative;en;;;
302;exposed;negative;en;;;
303;fail;negative;en;;;
304;failful;negative;en;;;
305;fake;negative;en;;;
306;false;negative;en;;;
307;faulty;negative;en;;;
308;fear;negative;en;;;
309;fear;negative;en;;;
310;fearful;negative;en;;;
311;fed up;negative;en;;;
312;feeble;negative;en;;;
313;fight;negative;en;;;
314;filthy;negative;en;;;
315;flawed;negative;en;;;
316;forced;negative;en;;;
317;forgetful;negative;en;;;
318;forgettable;negative;en;;;
319;forgotten;negative;en;;;
320;foul;negative;en;;;
321;fragile;negative;en;;;
322;freaked out;negative;en;;;
323;frighten;negative;en;;;
324;frightened;negative;en;;;
325;frightful;negative;en;;;
326;frigid;negative;en;;;
327;frustrated;negative;en;;;
328;furious;negative;en;;;
329;gawky;negative;en;;;
330;ghastly;negative;en;;;
331;gloomy;negative;en;;;
332;glum;negative;en;;;
333;gothic;negative;en;;;
334;grave;negative;en;;;
335;greed;negative;en;;;
336;grey;negative;en;;;
337;grief;negative;en;;;
338;grim;negative;en;;;
339;grimace;negative;en;;;
340;gross;negative;en;;;
341;grossed-out;negative;en;;;
342;grotesque;negative;en;;;
343;grotesque;negative;en;;;
344;grouchy;negative;en;;;
345;grounded;negative;en;;;
346;gruesome;negative;en;;;
347;grumpy;negative;en;;;
348;guilt-tripped;negative;en;;;
349;guilty;negative;en;;;
350;haggard;negative;en;;;
351;harassed;negative;en;;;
352;hard;negative;en;;;
353;hard-hearted;negative;en;;;
354;harmful;negative;en;;;
355;hassled;negative;en;;;
356;hate;negative;en;;;
357;hate;negative;en;;;
358;hateful;negative;en;;;
359;hatred;negative;en;;;
360;haunted;negative;en;;;
361;heartbroken;negative;en;;;
362;heartless;negative;en;;;
363;heavy-hearted;negative;en;;;
364;helpless;negative;en;;;
365;hesitant;negative;en;;;
366;hideous;negative;en;;;
367;hideous;negative;en;;;
368;hindered;negative;en;;;
369;homely;negative;en;;;
370;hopeless;negative;en;;;
371;horrendous;negative;en;;;
372;horrible;negative;en;;;
373;horrified;negative;en;;;
374;horror;negative;en;;;
375;hostile;negative;en;;;
376;hostile;negative;en;;;
377;hot-tempered;negative;en;;;
378;humiliated;negative;en;;;
379;hung over;negative;en;;;
380;hung up;negative;en;;;
381;hurried;negative;en;;;
382;hurt;negative;en;;;
383;hurtful;negative;en;;;
384;hysterical;negative;en;;;
385;icky;negative;en;;;
386;idiotic;negative;en;;;
387;ignorant;negative;en;;;
388;ignore;negative;en;;;
389;ignored;negative;en;;;
390;ill;negative;en;;;
391;ill-tempered;negative;en;;;
392;imbalanced;negative;en;;;
393;immature;negative;en;;;
394;imperfect;negative;en;;;
395;imposed-upon;negative;en;;;
396;impossible;negative;en;;;
397;impotent;negative;en;;;
398;imprisoned;negative;en;;;
399;impulsive;negative;en;;;
400;in the dumps;negative;en;;;
401;in the way;negative;en;;;
402;inactive;negative;en;;;
403;inadequate;negative;en;;;
404;inane;negative;en;;;
405;incapable;negative;en;;;
406;incommunicative;negative;en;;;
407;incompatible;negative;en;;;
408;incompetent;negative;en;;;
409;incomplete;negative;en;;;
410;incorrect;negative;en;;;
411;indecisive;negative;en;;;
412;indifferent;negative;en;;;
413;indoctrinated;negative;en;;;
414;inebriated;negative;en;;;
415;ineffective;negative;en;;;
416;inefficient;negative;en;;;
417;inelegant;negative;en;;;
418;inferior;negative;en;;;
419;infernal;negative;en;;;
420;infuriated;negative;en;;;
421;inhibited;negative;en;;;
422;inhumane;negative;en;;;
423;injure;negative;en;;;
424;injured;negative;en;;;
425;injurious;negative;en;;;
426;injusticed;negative;en;;;
427;insane;negative;en;;;
428;insecure;negative;en;;;
429;insidious;negative;en;;;
430;insignificant;negative;en;;;
431;insincere;negative;en;;;
432;insipid;negative;en;;;
433;insufficient;negative;en;;;
434;insulted;negative;en;;;
435;intense;negative;en;;;
436;interrogated;negative;en;;;
437;interrupted;negative;en;;;
438;intimidated;negative;en;;;
439;intoxicated;negative;en;;;
440;invalidated;negative;en;;;
441;invisible;negative;en;;;
442;irrational;negative;en;;;
443;irritable;negative;en;;;
444;irritated;negative;en;;;
445;isolated;negative;en;;;
446;jaded;negative;en;;;
447;jealous;negative;en;;;
448;jerked around;negative;en;;;
449;joyless;negative;en;;;
450;judged;negative;en;;;
451;junky;negative;en;;;
452;kept apart;negative;en;;;
453;kept away;negative;en;;;
454;kept in;negative;en;;;
455;kept out;negative;en;;;
456;kept quiet;negative;en;;;
457;labeled;negative;en;;;
458;laughable;negative;en;;;
459;laughed at;negative;en;;;
460;lazy;negative;en;;;
461;leaned on;negative;en;;;
462;lectured to;negative;en;;;
463;left out;negative;en;;;
464;let down;negative;en;;;
465;lied about;negative;en;;;
466;lied to;negative;en;;;
467;limited;negative;en;;;
468;little;negative;en;;;
469;lonely;negative;en;;;
470;lonesome;negative;en;;;
471;longing;negative;en;;;
472;lose;negative;en;;;
473;lost;negative;en;;;
474;lousy;negative;en;;;
475;loveless;negative;en;;;
476;low;negative;en;;;
477;lumpy;negative;en;;;
478;mad;negative;en;;;
479;made fun of;negative;en;;;
480;malicious;negative;en;;;
481;man handled;negative;en;;;
482;manipulated;negative;en;;;
483;masochistic;negative;en;;;
484;mean;negative;en;;;
485;menacing;negative;en;;;
486;messed up;negative;en;;;
487;messed with;negative;en;;;
488;messy;negative;en;;;
489;miffed;negative;en;;;
490;miserable;negative;en;;;
491;misled;negative;en;;;
492;misshapen;negative;en;;;
493;missing;negative;en;;;
494;mistaken;negative;en;;;
495;mistrusted;negative;en;;;
496;misunderstood;negative;en;;;
497;mixed-up;negative;en;;;
498;moan;negative;en;;;
499;mocked;negative;en;;;
500;moldy;negative;en;;;
501;molested;negative;en;;;
502;monstrous;negative;en;;;
503;moody;negative;en;;;
504;nagged;negative;en;;;
505;naive;negative;en;;;
506;nasty;negative;en;;;
507;naughty;negative;en;;;
508;needy;negative;en;;;
509;negate;negative;en;;;
510;negative;negative;en;;;
511;nervous;negative;en;;;
512;neurotic;negative;en;;;
513;never;negative;en;;;
514;no;negative;en;;;
515;nobody;negative;en;;;
516;nonconforming;negative;en;;;
517;nondescript;negative;en;;;
518;nonsense;negative;en;;;
519;not;negative;en;;;
520;noxious;negative;en;;;
521;numb;negative;en;;;
522;nuts;negative;en;;;
523;nutty;negative;en;;;
524;objectified;negative;en;;;
525;objectionable;negative;en;;;
526;obligated;negative;en;;;
527;obsessive;negative;en;;;
528;obstructed;negative;en;;;
529;odd;negative;en;;;
530;odious;negative;en;;;
531;offended;negative;en;;;
532;offensive;negative;en;;;
533;old;negative;en;;;
534;on display;negative;en;;;
535;opposed;negative;en;;;
536;oppressed;negative;en;;;
537;oppressive;negative;en;;;
538;out of place;negative;en;;;
539;out of touch;negative;en;;;
540;over-controlled;negative;en;;;
541;over-protected;negative;en;;;
542;overwhelmed;negative;en;;;
543;pain;negative;en;;;
544;panic;negative;en;;;
545;paranoid;negative;en;;;
546;passive;negative;en;;;
547;pathetic;negative;en;;;
548;perturb;negative;en;;;
549;pessimistic;negative;en;;;
550;petrified;negative;en;;;
551;petty;negative;en;;;
552;phony;negative;en;;;
553;picked on;negative;en;;;
554;pissed off;negative;en;;;
555;pissed;negative;en;;;
556;plain;negative;en;;;
557;plain;negative;en;;;
558;played with;negative;en;;;
559;poisonous;negative;en;;;
560;pooped;negative;en;;;
561;poor;negative;en;;;
562;poor;negative;en;;;
563;powerless;negative;en;;;
564;preached to;negative;en;;;
565;predjudiced;negative;en;;;
566;pre-judged;negative;en;;;
567;prejudice;negative;en;;;
568;preoccupied;negative;en;;;
569;pressured;negative;en;;;
570;prosecuted;negative;en;;;
571;provoked;negative;en;;;
572;psychopathic;negative;en;;;
573;psychotic;negative;en;;;
574;pulled apart;negative;en;;;
575;pulled back;negative;en;;;
576;punished;negative;en;;;
577;pushed away;negative;en;;;
578;pushed;negative;en;;;
579;put down;negative;en;;;
580;puzzled;negative;en;;;
581;quarrelsome;negative;en;;;
582;queer;negative;en;;;
583;questionable;negative;en;;;
584;questioned;negative;en;;;
585;quiet;negative;en;;;
586;quirky;negative;en;;;
587;quit;negative;en;;;
588;rage;negative;en;;;
589;raped;negative;en;;;
590;rattled;negative;en;;;
591;regret;negative;en;;;
592;reject;negative;en;;;
593;rejected;negative;en;;;
594;renege;negative;en;;;
595;repellant;negative;en;;;
596;reptilian;negative;en;;;
597;repugnant;negative;en;;;
598;repulsive;negative;en;;;
599;resented;negative;en;;;
600;resentful;negative;en;;;
601;responsible;negative;en;;;
602;retarded;negative;en;;;
603;revenge;negative;en;;;
604;revengeful;negative;en;;;
605;revolting;negative;en;;;
606;ridiculed;negative;en;;;
607;ridiculous;negative;en;;;
608;robbed;negative;en;;;
609;rocky;negative;en;;;
610;rotten;negative;en;;;
611;rotten;negative;en;;;
612;rude;negative;en;;;
613;ruthless;negative;en;;;
614;sad;negative;en;;;
615;sadistic;negative;en;;;
616;sarcastic;negative;en;;;
617;savage;negative;en;;;
618;scare;negative;en;;;
619;scared;negative;en;;;
620;scarred;negative;en;;;
621;scary;negative;en;;;
622;scream;negative;en;;;
623;screwed over;negative;en;;;
624;screwed up;negative;en;;;
625;screwed;negative;en;;;
626;self-centered;negative;en;;;
627;self-conscious;negative;en;;;
628;self-destructive;negative;en;;;
629;self-hatred;negative;en;;;
630;selfish;negative;en;;;
631;sensitive;negative;en;;;
632;severe;negative;en;;;
633;shocking;negative;en;;;
634;shoddy;negative;en;;;
635;shouted at;negative;en;;;
636;shy;negative;en;;;
637;sick;negative;en;;;
638;sickening;negative;en;;;
639;singled-out;negative;en;;;
640;sinister;negative;en;;;
641;slimy;negative;en;;;
642;slow;negative;en;;;
643;small;negative;en;;;
644;smelly;negative;en;;;
645;smothered;negative;en;;;
646;snapped at;negative;en;;;
647;sobbing;negative;en;;;
648;sorry;negative;en;;;
649;spiteful;negative;en;;;
650;spiteful;negative;en;;;
651;stereotyped;negative;en;;;
652;sticky;negative;en;;;
653;stinky;negative;en;;;
654;stormy;negative;en;;;
655;strange;negative;en;;;
656;stressed;negative;en;;;
657;stressful;negative;en;;;
658;stretched;negative;en;;;
659;stuck;negative;en;;;
660;stuck;negative;en;;;
661;stupid;negative;en;;;
662;stupid;negative;en;;;
663;submissive;negative;en;;;
664;substandard;negative;en;;;
665;suffering;negative;en;;;
666;suffocated;negative;en;;;
667;suicidal;negative;en;;;
668;superficial;negative;en;;;
669;suppressed;negative;en;;;
670;suspect;negative;en;;;
671;suspicious;negative;en;;;
672;tense;negative;en;;;
673;terrible;negative;en;;;
674;terrifying;negative;en;;;
675;threatening;negative;en;;;
676;ugly;negative;en;;;
677;undermine;negative;en;;;
678;unfair;negative;en;;;
679;unfavorable;negative;en;;;
680;unhappy;negative;en;;;
681;unhealthy;negative;en;;;
682;unjust;negative;en;;;
683;unlucky;negative;en;;;
684;unpleasant;negative;en;;;
685;unsatisfactory;negative;en;;;
686;unsightly;negative;en;;;
687;untoward;negative;en;;;
688;unwanted;negative;en;;;
689;unwelcome;negative;en;;;
690;unwholesome;negative;en;;;
691;unwieldy;negative;en;;;
692;unwise;negative;en;;;
693;upset;negative;en;;;
694;vice;negative;en;;;
695;vicious;negative;en;;;
696;vile;negative;en;;;
697;villainous;negative;en;;;
698;vindictive;negative;en;;;
699;wary;negative;en;;;
700;weary;negative;en;;;
701;wicked;negative;en;;;
702;woeful;negative;en;;;
703;worthless;negative;en;;;
704;wound;negative;en;;;
705;yell;negative;en;;;
706;yucky;negative;en;;;
707;zero;negative;en;;;
1024;absolutely;positive;en;;;
1025;Abundant;positive;en;;;
1026;accepted;positive;en;;;
1027;acclaimed;positive;en;;;
1028;accomplish;positive;en;;;
1029;Accomplished;positive;en;;;
1030;accomplishment;positive;en;;;
1031;achievement;positive;en;;;
1032;Achieving;positive;en;;;
1033;action;positive;en;;;
1034;active;positive;en;;;
1035;Admirable;positive;en;;;
1036;admire;positive;en;;;
1037;Admired;positive;en;;;
1038;adorable;positive;en;;;
1039;adventure;positive;en;;;
1040;Adventurous;positive;en;;;
1041;affirmative;positive;en;;;
1042;affluent;positive;en;;;
1043;agree;positive;en;;;
1044;agreeable;positive;en;;;
1045;Alert;positive;en;;;
1046;Aligned;positive;en;;;
1047;Alive;positive;en;;;
1048;amazing;positive;en;;;
1049;angelic;positive;en;;;
1050;appealing;positive;en;;;
1051;Appreciate;positive;en;;;
1052;approve;positive;en;;;
1053;aptitude;positive;en;;;
1054;Artistic;positive;en;;;
1055;Astounding;positive;en;;;
1056;Astute;positive;en;;;
1057;Attentive;positive;en;;;
1058;attractive;positive;en;;;
1059;Auspicious;positive;en;;;
1060;Authentic;positive;en;;;
1061;Awake;positive;en;;;
1062;Aware;positive;en;;;
1063;awesome;positive;en;;;
1064;beaming;positive;en;;;
1065;beautiful;positive;en;;;
1066;believe;positive;en;;;
1067;beneficial;positive;en;;;
1068;Best;positive;en;;;
1069;Blessed;positive;en;;;
1070;bliss;positive;en;;;
1071;Bold;positive;en;;;
1072;bountiful;positive;en;;;
1073;bounty;positive;en;;;
1074;brave;positive;en;;;
1075;bravo;positive;en;;;
1076;Bright;positive;en;;;
1077;brilliant;positive;en;;;
1078;Brisk;positive;en;;;
1079;bubbly;positive;en;;;
1080;Buoyant;positive;en;;;
1081;calm;positive;en;;;
1082;Capable;positive;en;;;
1083;celebrated;positive;en;;;
1084;Centered;positive;en;;;
1085;certain;positive;en;;;
1086;champ;positive;en;;;
1087;champion;positive;en;;;
1088;charming;positive;en;;;
1089;Cheerful;positive;en;;;
1090;cheery;positive;en;;;
1091;choice;positive;en;;;
1092;classic;positive;en;;;
1093;classical;positive;en;;;
1094;clean;positive;en;;;
1095;Clear;positive;en;;;
1096;Clever;positive;en;;;
1097;commend;positive;en;;;
1098;Competent;positive;en;;;
1099;Complete;positive;en;;;
1100;composed;positive;en;;;
1101;Confident;positive;en;;;
1102;congratulation;positive;en;;;
1103;Connected;positive;en;;;
1104;Conscious;positive;en;;;
1105;Considerate;positive;en;;;
1106;constant;positive;en;;;
1107;Convenient;positive;en;;;
1108;cool;positive;en;;;
1109;courageous;positive;en;;;
1110;creative;positive;en;;;
1111;cute;positive;en;;;
1112;Daring;positive;en;;;
1113;dazzling;positive;en;;;
1114;Delicious;positive;en;;;
1115;delight;positive;en;;;
1116;delightful;positive;en;;;
1117;Desirable;positive;en;;;
1118;Determined;positive;en;;;
1119;Diligent;positive;en;;;
1120;Discerning;positive;en;;;
1121;Discover;positive;en;;;
1122;distinguished;positive;en;;;
1123;divine;positive;en;;;
1124;Dynamic;positive;en;;;
1125;Eager;positive;en;;;
1126;earnest;positive;en;;;
1127;easy;positive;en;;;
1128;ecstatic;positive;en;;;
1129;effective;positive;en;;;
1130;effervescent;positive;en;;;
1131;efficient;positive;en;;;
1132;effortless;positive;en;;;
1133;electrifying;positive;en;;;
1134;elegant;positive;en;;;
1135;Eloquent;positive;en;;;
1136;enchanting;positive;en;;;
1137;encouraging;positive;en;;;
1138;Endless;positive;en;;;
1139;endorsed;positive;en;;;
1140;energetic;positive;en;;;
1141;energized;positive;en;;;
1142;engaging;positive;en;;;
1143;Enhancing;positive;en;;;
1144;Enormous;positive;en;;;
1145;Enterprising;positive;en;;;
1146;enthusiastic;positive;en;;;
1147;Enticing;positive;en;;;
1148;essential;positive;en;;;
1149;esteemed;positive;en;;;
1150;ethical;positive;en;;;
1151;excellent;positive;en;;;
1152;Exceptional;positive;en;;;
1153;exciting;positive;en;;;
1154;Experienced;positive;en;;;
1155;exquisite;positive;en;;;
1156;fabulous;positive;en;;;
1157;fair;positive;en;;;
1158;familiar;positive;en;;;
1159;famous;positive;en;;;
1160;fantastic;positive;en;;;
1161;Far-Sighted;positive;en;;;
1162;Fascinating;positive;en;;;
1163;favorable;positive;en;;;
1164;fetching;positive;en;;;
1165;fine;positive;en;;;
1166;fitting;positive;en;;;
1167;Flattering;positive;en;;;
1168;flourishing;positive;en;;;
1169;fortunate;positive;en;;;
1170;free;positive;en;;;
1171;fresh;positive;en;;;
1172;friendly;positive;en;;;
1173;Fulfilled;positive;en;;;
1174;fun;positive;en;;;
1175;funny;positive;en;;;
1176;generous;positive;en;;;
1177;genius;positive;en;;;
1178;genuine;positive;en;;;
1179;Gifted;positive;en;;;
1180;giving;positive;en;;;
1181;glamorous;positive;en;;;
1182;Glorious;positive;en;;;
1183;glowing;positive;en;;;
1184;good;positive;en;;;
1185;Good-Looking;positive;en;;;
1186;gorgeous;positive;en;;;
1187;graceful;positive;en;;;
1188;Gracious;positive;en;;;
1189;Grand;positive;en;;;
1190;great;positive;en;;;
1191;green;positive;en;;;
1192;grin;positive;en;;;
1193;growing;positive;en;;;
1194;handsome;positive;en;;;
1195;happy;positive;en;;;
1196;Hardy;positive;en;;;
1197;harmonious;positive;en;;;
1198;Healed;positive;en;;;
1199;healing;positive;en;;;
1200;healthy;positive;en;;;
1201;hearty;positive;en;;;
1202;heavenly;positive;en;;;
1203;Helpful;positive;en;;;
1204;honest;positive;en;;;
1205;honorable;positive;en;;;
1206;honored;positive;en;;;
1207;hug;positive;en;;;
1208;Humorous;positive;en;;;
1209;idea;positive;en;;;
1210;ideal;positive;en;;;
1211;imaginative;positive;en;;;
1212;imagine;positive;en;;;
1213;impressive;positive;en;;;
1214;independent;positive;en;;;
1215;Industrious;positive;en;;;
1216;Ingenious;positive;en;;;
1217;innovate;positive;en;;;
1218;innovative;positive;en;;;
1219;Inspired;positive;en;;;
1220;instant;positive;en;;;
1221;instantaneous;positive;en;;;
1222;instinctive;positive;en;;;
1223;intellectual;positive;en;;;
1224;intelligent;positive;en;;;
1225;Interested;positive;en;;;
1226;Interesting;positive;en;;;
1227;intuitive;positive;en;;;
1228;inventive;positive;en;;;
1229;Invincible;positive;en;;;
1230;Inviting;positive;en;;;
1231;Irresistible;positive;en;;;
1232;jovial;positive;en;;;
1233;joy;positive;en;;;
1234;Joyous;positive;en;;;
1235;jubilant;positive;en;;;
1236;Judicious;positive;en;;;
1237;keen;positive;en;;;
1238;kind;positive;en;;;
1239;knowing;positive;en;;;
1240;knowledgeable;positive;en;;;
1241;laugh;positive;en;;;
1242;learned;positive;en;;;
1243;legendary;positive;en;;;
1244;light;positive;en;;;
1245;Limitless;positive;en;;;
1246;lively;positive;en;;;
1247;lovely;positive;en;;;
1248;Loving;positive;en;;;
1249;lucid;positive;en;;;
1250;lucky;positive;en;;;
1251;luminous;positive;en;;;
1252;Magical;positive;en;;;
1253;Magnificent;positive;en;;;
1254;Marvellous;positive;en;;;
1255;marvelous;positive;en;;;
1256;masterful;positive;en;;;
1257;meaningful;positive;en;;;
1258;merit;positive;en;;;
1259;meritorious;positive;en;;;
1260;Mighty;positive;en;;;
1261;miraculous;positive;en;;;
1262;Motivated;positive;en;;;
1263;motivating;positive;en;;;
1264;moving;positive;en;;;
1265;natural;positive;en;;;
1266;Neat;positive;en;;;
1267;nice;positive;en;;;
1268;Noble;positive;en;;;
1269;novel;positive;en;;;
1270;now;positive;en;;;
1271;nurturing;positive;en;;;
1272;nutritious;positive;en;;;
1273;okay;positive;en;;;
1274;one;positive;en;;;
1275;one-hundred percent;positive;en;;;
1276;open;positive;en;;;
1277;optimistic;positive;en;;;
1278;Outstanding;positive;en;;;
1279;paradise;positive;en;;;
1280;Passionate;positive;en;;;
1281;Peaceful;positive;en;;;
1282;perfect;positive;en;;;
1283;Persevering;positive;en;;;
1284;Persistent;positive;en;;;
1285;phenomenal;positive;en;;;
1286;Playful;positive;en;;;
1287;pleasant;positive;en;;;
1288;Pleasing;positive;en;;;
1289;pleasurable;positive;en;;;
1290;plentiful;positive;en;;;
1291;poised;positive;en;;;
1292;polished;positive;en;;;
1293;popular;positive;en;;;
1294;positive;positive;en;;;
1295;powerful;positive;en;;;
1296;Precious;positive;en;;;
1297;prepared;positive;en;;;
1298;pretty;positive;en;;;
1299;principled;positive;en;;;
1300;productive;positive;en;;;
1301;Profound;positive;en;;;
1302;progress;positive;en;;;
1303;prominent;positive;en;;;
1304;Prompt;positive;en;;;
1305;Prosperous;positive;en;;;
1306;protected;positive;en;;;
1307;proud;positive;en;;;
1308;Qualified;positive;en;;;
1309;quality;positive;en;;;
1310;quick;positive;en;;;
1311;quiet;positive;en;;;
1312;Radiant;positive;en;;;
1313;ready;positive;en;;;
1314;Reasonable;positive;en;;;
1315;reassuring;positive;en;;;
1316;refined;positive;en;;;
1317;refreshing;positive;en;;;
1318;rejoice;positive;en;;;
1319;Relaxing;positive;en;;;
1320;reliable;positive;en;;;
1321;remarkable;positive;en;;;
1322;Resolute;positive;en;;;
1323;resounding;positive;en;;;
1324;Resourceful;positive;en;;;
1325;respected;positive;en;;;
1326;restored;positive;en;;;
1327;reward;positive;en;;;
1328;rewarding;positive;en;;;
1329;right;positive;en;;;
1330;robust;positive;en;;;
1331;safe;positive;en;;;
1332;satisfactory;positive;en;;;
1333;Satisfied;positive;en;;;
1334;secure;positive;en;;;
1335;Seductive;positive;en;;;
1336;seemly;positive;en;;;
1337;Self-Reliant;positive;en;;;
1338;Sensational;positive;en;;;
1339;Sensible;positive;en;;;
1340;Sensitive;positive;en;;;
1341;Serene;positive;en;;;
1342;Sharing;positive;en;;;
1343;simple;positive;en;;;
1344;Skilful;positive;en;;;
1345;skilled;positive;en;;;
1346;skillful;positive;en;;;
1347;Smart;positive;en;;;
1348;Smashing;positive;en;;;
1349;smile;positive;en;;;
1350;Smooth;positive;en;;;
1351;soulful;positive;en;;;
1352;sparkling;positive;en;;;
1353;special;positive;en;;;
1354;spirited;positive;en;;;
1355;spiritual;positive;en;;;
1356;Splendid;positive;en;;;
1357;stirring;positive;en;;;
1358;Strong;positive;en;;;
1359;stunning;positive;en;;;
1360;stupendous;positive;en;;;
1361;success;positive;en;;;
1362;successful;positive;en;;;
1363;sunny;positive;en;;;
1364;super;positive;en;;;
1365;superb;positive;en;;;
1366;supporting;positive;en;;;
1367;surprising;positive;en;;;
1368;Swift;positive;en;;;
1369;Talented;positive;en;;;
1370;Tenacious;positive;en;;;
1371;terrific;positive;en;;;
1372;Thankful;positive;en;;;
1373;thorough;positive;en;;;
1374;thrilling;positive;en;;;
1375;thriving;positive;en;;;
1376;Timely;positive;en;;;
1377;tops;positive;en;;;
1378;tranquil;positive;en;;;
1379;transformative;positive;en;;;
1380;transforming;positive;en;;;
1381;trusting;positive;en;;;
1382;truthful;positive;en;;;
1383;Ultimate;positive;en;;;
1384;Unique;positive;en;;;
1385;unreal;positive;en;;;
1386;unwavering;positive;en;;;
1387;up;positive;en;;;
1388;upbeat;positive;en;;;
1389;upright;positive;en;;;
1390;upstanding;positive;en;;;
1391;Valiant;positive;en;;;
1392;Valuable;positive;en;;;
1393;valued;positive;en;;;
1394;Versatile;positive;en;;;
1395;vibrant;positive;en;;;
1396;victorious;positive;en;;;
1397;victory;positive;en;;;
1398;vigorous;positive;en;;;
1399;virtuous;positive;en;;;
1400;vital;positive;en;;;
1401;vivacious;positive;en;;;
1402;Vivid;positive;en;;;
1403;Warm;positive;en;;;
1404;wealthy;positive;en;;;
1405;welcome;positive;en;;;
1406;well;positive;en;;;
1407;whole;positive;en;;;
1408;wholesome;positive;en;;;
1409;willing;positive;en;;;
1410;Wise;positive;en;;;
1411;wonderful;positive;en;;;
1412;wondrous;positive;en;;;
1413;worthy;positive;en;;;
1414;wow;positive;en;;;
1415;yes;positive;en;;;
1416;Young;positive;en;;;
1417;Youthful;positive;en;;;
1418;yummy;positive;en;;;
1419;zeal;positive;en;;;
1420;zealous;positive;en;;;
1421;Zest;positive;en;;;
1422;silly;negative;en;;;
1423;dumb;negative;en;;;
1424;worst;negative;en;;;
1425;big thing;positive;en;;;
1426;romantic;positive;en;;;
1427;terrified;negative;en;;;
1428;damn;negative;en;;;
1434;:);positive;en;;;
1435;:(;negative;en;;;
1436;Award;positive;en;;;
1437;Boost;positive;en;;;
1438;Brief;positive;en;;;
1439;Buy;positive;en;;;
1440;Chic;positive;en;;;
1441;Colourful;positive;en;;;
1442;Connoisseur;positive;en;;;
1443;Creamy;positive;en;;;
1444;Debonair;positive;en;;;
1445;Deluxe;positive;en;;;
1446;Difference;positive;en;;;
1447;Enjoy;positive;en;;;
1448;Essence;positive;en;;;
1449;Exotic;positive;en;;;
1450;Extra;positive;en;;;
1451;Fab;positive;en;;;
1452;Finest;positive;en;;;
1453;Flair;positive;en;;;
1454;Foolproof;positive;en;;;
1455;Freshness;positive;en;;;
1456;Galore;positive;en;;;
1457;Giggle;positive;en;;;
1458;Guaranteed;positive;en;;;
1459;Incredible;positive;en;;;
1460;Invigorating;positive;en;;;
1461;Jewel;positive;en;;;
1462;Leads;positive;en;;;
1463;Lingering;positive;en;;;
1464;Matchless;positive;en;;;
1465;Mouthwatering;positive;en;;;
1466;Need;positive;en;;;
1467;O.K.;positive;en;;;
1468;Pamper;positive;en;;;
1469;Plenty;positive;en;;;
1470;Prefer;positive;en;;;
1471;Prime;positive;en;;;
1472;Pure;positive;en;;;
1473;Real;positive;en;;;
1474;Reputation;positive;en;;;
1475;Save;positive;en;;;
1476;Select;positive;en;;;
1477;Service;positive;en;;;
1478;Sheer;positive;en;;;
1479;Slick;positive;en;;;
1480;Star;positive;en;;;
1481;Subtle;positive;en;;;
1482;Sure;positive;en;;;
1483;Tan;positive;en;;;
1484;Timeless;positive;en;;;
1485;Totally;positive;en;;;
1486;Treasure;positive;en;;;
1487;Undeniably;positive;en;;;
1488;Unquestionnably;positive;en;;;
1489;Victor;positive;en;;;
1490;Wee;positive;en;;;
1491;Winner;positive;en;;;
1492;Wow!;positive;en;;;
1493;Zap;positive;en;;;
1494;Zoom;positive;en;;;
1495;Mmmm;positive;en;;;
1496;SOS;positive;en;;;
1497;Take the biscuit;positive;en;;;
1498;So-so;positive;en;;;
1499;The ultimate;positive;en;;;
1500;Heaven scent;positive;en;;;
1501;Shoulder to cry on;positive;en;;;
1502;King of the;positive;en;;;
1503;Brightens up;positive;en;;;
1504;No 1;positive;en;;;
1505;Take some beating;positive;en;;;
1506;Save a packet;positive;en;;;
1507;Pole position;positive;en;;;
1508;All systems;positive;en;;;
1509;Knock spots off;positive;en;;;
1510;Does the trick;positive;en;;;
1511;Absorbing;positive;en;;;
1513;Approval;positive;en;;;
1514;Bargain;positive;en;;;
1515;Bounce;positive;en;;;
1516;Care;positive;en;;;
1517;Comfy;positive;en;;;
1518;Crisp;positive;en;;;
1519;Dependable;positive;en;;;
1520;Dimple;positive;en;;;
1521;Dreamy;positive;en;;;
1522;Economy;positive;en;;;
1523;Expert;positive;en;;;
1524;Eye-catching;positive;en;;;
1525;Fast;positive;en;;;
1526;Finesse;positive;en;;;
1527;Forever;positive;en;;;
1528;Go-ahead;positive;en;;;
1529;Inspire;positive;en;;;
1530;Kissable;positive;en;;;
1531;Legend;positive;en;;;
1532;Logical;positive;en;;;
1533;Luscious;positive;en;;;
1534;Magnifies it;positive;en;;;
1535;Miracle;positive;en;;;
1536;Multi;positive;en;;;
1537;New;positive;en;;;
1538;Opulent;positive;en;;;
1539;Palate;positive;en;;;
1540;Pick-me-up;positive;en;;;
1541;Plum;positive;en;;;
1542;Prestige;positive;en;;;
1543;Prize;positive;en;;;
1544;Reap;positive;en;;;
1545;Relax;positive;en;;;
1546;Rest;positive;en;;;
1547;Rosy;positive;en;;;
1548;Satisfaction;positive;en;;;
1549;Sexy;positive;en;;;
1550;Singular;positive;en;;;
1551;Soft;positive;en;;;
1552;Spectacular;positive;en;;;
1553;Spice;positive;en;;;
1554;Superlative;positive;en;;;
1555;Sweet;positive;en;;;
1556;Tangy;positive;en;;;
1557;Thoroughbred;positive;en;;;
1558;Tingle;positive;en;;;
1559;Traditional;positive;en;;;
1560;Trendy;positive;en;;;
1561;Ultra;positive;en;;;
1562;Undoubtedly;positive;en;;;
1563;Unrivalled;positive;en;;;
1564;Vanish;positive;en;;;
1565;Whiz;positive;en;;;
1566;Sshhhh!;positive;en;;;
1567;A step ahead;positive;en;;;
1568;On the right foot;positive;en;;;
1569;Maximum protection;positive;en;;;
1570;Hi!;positive;en;;;
1571;A shining example;positive;en;;;
1572;Get it together;positive;en;;;
1573;Goodness only knows;positive;en;;;
1574;Adds distinction;positive;en;;;
1575;Child's play;positive;en;;;
1576;Set the pace;positive;en;;;
1577;Rest easy;positive;en;;;
1578;Perfect combination;positive;en;;;
1579;Mint condition;positive;en;;;
1580;5 star;positive;en;;;
1581;Draws me back;positive;en;;;
1582;Abundance;positive;en;;;
1583;Adore;positive;en;;;
1584;Aroma;positive;en;;;
1585;Better;positive;en;;;
1586;Breakthrough;positive;en;;;
1587;Compliment;positive;en;;;
1588;Courteous;positive;en;;;
1589;Cuddly;positive;en;;;
1590;Desire;positive;en;;;
1591;Drool;positive;en;;;
1592;Energy;positive;en;;;
1593;Ensure;positive;en;;;
1594;Exactly;positive;en;;;
1595;Exclusive;positive;en;;;
1596;Fabled;positive;en;;;
1597;Fashionable;positive;en;;;
1598;Favourite;positive;en;;;
1599;First;positive;en;;;
1600;Flip;positive;en;;;
1601;Fragrance;positive;en;;;
1602;Full;positive;en;;;
1603;Glitter;positive;en;;;
1604;Golden;positive;en;;;
1605;Immaculate;positive;en;;;
1606;Juicy;positive;en;;;
1607;K.O.;positive;en;;;
1608;Leisure;positive;en;;;
1609;Longest;positive;en;;;
1610;Luxurious;positive;en;;;
1611;Maxi;positive;en;;;
1612;Modern;positive;en;;;
1613;Munchy;positive;en;;;
1614;Outlasts;positive;en;;;
1615;Palatial;positive;en;;;
1616;Peak;positive;en;;;
1617;Pleasure;positive;en;;;
1618;Plump;positive;en;;;
1619;Power;positive;en;;;
1620;Priceless;positive;en;;;
1621;Protection;positive;en;;;
1622;Quantity;positive;en;;;
1623;Recommendation;positive;en;;;
1624;Royal;positive;en;;;
1625;Scores;positive;en;;;
1626;Shapely;positive;en;;;
1627;Silent;positive;en;;;
1628;Sizzling;positive;en;;;
1629;Smiles;positive;en;;;
1630;Sound;positive;en;;;
1631;Speed;positive;en;;;
1632;Spotless;positive;en;;;
1633;Succulent;positive;en;;;
1634;Supersonic;positive;en;;;
1635;Swell;positive;en;;;
1636;Tasty;positive;en;;;
1637;Tiny;positive;en;;;
1638;Transformation;positive;en;;;
1639;True;positive;en;;;
1640;Unbeatable;positive;en;;;
1642;Unsurpassed;positive;en;;;
1643;Varied;positive;en;;;
1644;Vintage;positive;en;;;
1645;Yule;positive;en;;;
1647;Top of the Pops/ Crops /Hops;positive;en;;;
1648;A racing start;positive;en;;;
1649;Softly, softly;positive;en;;;
1650;Get up and glow;positive;en;;;
1651;Star in its own right;positive;en;;;
1652;The bare necessities;positive;en;;;
1653;Really cool;positive;en;;;
1654;Easy as 1 2 3 (ABC);positive;en;;;
1655;Goes without saying;positive;en;;;
1656;Sounds good;positive;en;;;
1657;Sky high;positive;en;;;
1658;Run for my money;positive;en;;;
1659;On my wavelength;positive;en;;;
1660;Make dreams come true;positive;en;;;
1661;Extend your scope;positive;en;;;
1662;Think ahead;positive;en;;;
1663;Ace;positive;en;;;
1664;Attraction;positive;en;;;
1665;Beats;positive;en;;;
1666;Bits;positive;en;;;
1667;Breezy;positive;en;;;
1668;Brimming;positive;en;;;
1669;Confidence;positive;en;;;
1670;Coy;positive;en;;;
1671;Diamond;positive;en;;;
1672;Distinctive;positive;en;;;
1673;Enhance;positive;en;;;
1674;Exhilaration;positive;en;;;
1675;Extol;positive;en;;;
1676;Fizz;positive;en;;;
1677;Gentle;positive;en;;;
1678;Goodness;positive;en;;;
1679;Heartwarming;positive;en;;;
1680;Keenest;positive;en;;;
1681;Know-how;positive;en;;;
1682;Magic;positive;en;;;
1683;Memorable;positive;en;;;
1684;More;positive;en;;;
1685;Outrageous;positive;en;;;
1686;Pearl;positive;en;;;
1687;Pleases;positive;en;;;
1688;Plus;positive;en;;;
1689;Pride;positive;en;;;
1690;Quenching;positive;en;;;
1691;Ravishing;positive;en;;;
1692;Renowned;positive;en;;;
1693;Rich;positive;en;;;
1694;Safety;positive;en;;;
1695;Share;positive;en;;;
1696;Silver;positive;en;;;
1697;Solar;positive;en;;;
1698;Spicy;positive;en;;;
1699;Spruce;positive;en;;;
1700;Stylish;positive;en;;;
1701;Sun;positive;en;;;
1702;Supreme;positive;en;;;
1703;Symphony;positive;en;;;
1704;Tempting;positive;en;;;
1705;Top;positive;en;;;
1706;Treat;positive;en;;;
1707;Trust;positive;en;;;
1708;Unblemished;positive;en;;;
1709;V.I.P.;positive;en;;;
1710;Wealth;positive;en;;;
1711;Whopper;positive;en;;;
1712;Zip;positive;en;;;
1714;It refreshes the... other.... cannnot reach;positive;en;;;
1715;Growing demand;positive;en;;;
1716;Making an impression;positive;en;;;
1717;Stands supreme;positive;en;;;
1718;An eye for bargains;positive;en;;;
1719;Make the penny drop;positive;en;;;
1720;The one;positive;en;;;
1721;Nothing to declare;positive;en;;;
1722;Take pride;positive;en;;;
1723;Second to none;positive;en;;;
1724;It's 'in';positive;en;;;
1725;Just like that;positive;en;;;
1726;Make my day;positive;en;;;
1727;Down to a fine art;positive;en;;;
1728;destabilize;negative;en;;;
1729;over-engineered;negative;en;;;
1730;catastrophe;negative;en;;;
1731;hackery;negative;en;;;
1732;sucks;negative;en;;;
1733;Avoid;negative;en;;;
1734;Can’t;negative;en;;;
1735;Destroy;negative;en;;;
1736;Don’t;negative;en;;;
1737;Gossip;negative;en;;;
1738;Hide;negative;en;;;
1739;Jealousy;negative;en;;;
1740;Livid;negative;en;;;
1741;Mistrust;negative;en;;;
1742;Shouldn’t;negative;en;;;
1743;Stress;negative;en;;;
1744;War;negative;en;;;
1745;Anger;negative;en;;;
1746;Beg;negative;en;;;
1747;Hunger;negative;en;;;
1748;Lack;negative;en;;;
1749;Sneaky;negative;en;;;
1750;Threat;negative;en;;;
1751;Unloved;negative;en;;;
1752;Won’t;negative;en;;;
1753;Apoplectic;negative;en;;;
1754;Competition;negative;en;;;
1755;Divorce;negative;en;;;
1756;Famine;negative;en;;;
1757;Irate;negative;en;;;
1758;Lie;negative;en;;;
1759;Miser;negative;en;;;
1760;Sabotage;negative;en;;;
1761;Seething;negative;en;;;
1762;Steal;negative;en;;;
1763;Suppress;negative;en;;;
1764;Uninterested;negative;en;;;
1765;Wouldn’t;negative;en;;;
1766;Acumen;positive;en;;;
1767;Adopt;positive;en;;;
1768;Alter;positive;en;;;
1769;Animated;positive;en;;;
1770;Assertive;positive;en;;;
1771;Basic;positive;en;;;
1772;Bighearted;positive;en;;;
1773;Bloom;positive;en;;;
1774;Charitable;positive;en;;;
1775;Cherish;positive;en;;;
1776;Comradeship;positive;en;;;
1777;Conviction;positive;en;;;
1778;Coupled;positive;en;;;
1779;Cuddle;positive;en;;;
1780;Curious;positive;en;;;
1781;Each Day;positive;en;;;
1782;Elegance;positive;en;;;
1783;Encourage;positive;en;;;
1784;Enthuse;positive;en;;;
1785;Everyday;positive;en;;;
1786;Explore;positive;en;;;
1787;Exultant;positive;en;;;
1788;Family;positive;en;;;
1789;Fit;positive;en;;;
1790;Fortune;positive;en;;;
1791;Friendship;positive;en;;;
1792;Gather;positive;en;;;
1793;Glow;positive;en;;;
1794;Grace;positive;en;;;
1795;Grow;positive;en;;;
1796;Harmony;positive;en;;;
1797;Healthful;positive;en;;;
1798;Here;positive;en;;;
1799;Holy;positive;en;;;
1800;I am willing;positive;en;;;
1801;I choose;positive;en;;;
1802;I know;positive;en;;;
1803;I realize;positive;en;;;
1804;Increase;positive;en;;;
1805;Key;positive;en;;;
1806;Knowledge;positive;en;;;
1807;Learn;positive;en;;;
1808;Loveliness;positive;en;;;
1809;Master;positive;en;;;
1810;Mend;positive;en;;;
1811;Motivate;positive;en;;;
1812;Nature;positive;en;;;
1813;Openhanded;positive;en;;;
1814;Party;positive;en;;;
1815;Phenomenon;positive;en;;;
1816;Poise;positive;en;;;
1817;Project;positive;en;;;
1818;Protect;positive;en;;;
1819;Quest;positive;en;;;
1820;Refresh;positive;en;;;
1821;Replenish;positive;en;;;
1822;Resources;positive;en;;;
1823;Revere;positive;en;;;
1824;Sensation;positive;en;;;
1825;Shine;positive;en;;;
1826;Soul;positive;en;;;
1827;Spontaneous;positive;en;;;
1828;Surprise;positive;en;;;
1829;Team;positive;en;;;
1830;Today;positive;en;;;
1831;Transform;positive;en;;;
1832;Truth;positive;en;;;
1833;Vary;positive;en;;;
1834;Very;positive;en;;;
1835;Wonder;positive;en;;;
1836;Xanadu;positive;en;;;
1837;Adjust;positive;en;;;
1838;Affirmation;positive;en;;;
1839;Alliance;positive;en;;;
1840;Amaze;positive;en;;;
1841;Answer;positive;en;;;
1842;Astonish;positive;en;;;
1843;Benefactor;positive;en;;;
1844;Bunch;positive;en;;;
1845;Change;positive;en;;;
1846;Clarity;positive;en;;;
1847;Companionship;positive;en;;;
1848;Copious;positive;en;;;
1849;Cultivate;positive;en;;;
1850;Direct;positive;en;;;
1851;Ecstasy;positive;en;;;
1852;Embrace;positive;en;;;
1853;Endorse;positive;en;;;
1854;Established;positive;en;;;
1855;Everyone;positive;en;;;
1856;Exhilarating;positive;en;;;
1857;Express;positive;en;;;
1858;Faith;positive;en;;;
1859;Flourish;positive;en;;;
1860;Freedom;positive;en;;;
1861;Give;positive;en;;;
1862;Highest Good;positive;en;;;
1863;I affirm;positive;en;;;
1864;I am.;positive;en;;;
1865;I create;positive;en;;;
1866;I know, without a doubt;positive;en;;;
1867;I take action;positive;en;;;
1868;Innate;positive;en;;;
1869;Intelligence;positive;en;;;
1870;Joined;positive;en;;;
1871;Jubilation;positive;en;;;
1872;Lucidity;positive;en;;;
1873;Maintain;positive;en;;;
1874;Metamorphosis;positive;en;;;
1875;Mission;positive;en;;;
1876;Nourish;positive;en;;;
1877;Peace;positive;en;;;
1878;Polish;positive;en;;;
1879;Principle;positive;en;;;
1880;Recognize;positive;en;;;
1881;Reliance;positive;en;;;
1882;Renew;positive;en;;;
1883;Resolution;positive;en;;;
1884;Respect;positive;en;;;
1885;Revolutionize;positive;en;;;
1886;Serenity;positive;en;;;
1887;Show;positive;en;;;
1888;Sincerity;positive;en;;;
1889;Still;positive;en;;;
1890;Style;positive;en;;;
1891;Support;positive;en;;;
1892;Sustain;positive;en;;;
1893;Thrilled;positive;en;;;
1894;Together;positive;en;;;
1895;Triumph;positive;en;;;
1896;Unity;positive;en;;;
1897;Venerate;positive;en;;;
1898;Vision;positive;en;;;
1899;Youth;positive;en;;;
1900;Accept;positive;en;;;
1901;Activist;positive;en;;;
1902;Adored;positive;en;;;
1903;Airy;positive;en;;;
1904;Ally;positive;en;;;
1905;Amity;positive;en;;;
1906;Appreciation;positive;en;;;
1907;Benefit;positive;en;;;
1908;Burgeon;positive;en;;;
1909;Celebrate;positive;en;;;
1910;Character;positive;en;;;
1911;Cheer;positive;en;;;
1912;Classy;positive;en;;;
1913;Closeness;positive;en;;;
1914;Connect;positive;en;;;
1915;Content;positive;en;;;
1916;Core;positive;en;;;
1917;Cure;positive;en;;;
1918;Donate;positive;en;;;
1919;Encompassing;positive;en;;;
1920;Entirely;positive;en;;;
1921;Esteem;positive;en;;;
1922;Excited;positive;en;;;
1923;Expand;positive;en;;;
1924;Feat;positive;en;;;
1925;Glad;positive;en;;;
1926;Gratitude;positive;en;;;
1927;Group;positive;en;;;
1928;Heart;positive;en;;;
1929;Hold;positive;en;;;
1930;Honor;positive;en;;;
1931;I allow;positive;en;;;
1932;I Can;positive;en;;;
1933;I follow;positive;en;;;
1934;I make;positive;en;;;
1935;I trust;positive;en;;;
1936;Instinct;positive;en;;;
1937;Kiss;positive;en;;;
1938;Leader;positive;en;;;
1939;Let Go;positive;en;;;
1940;Love;positive;en;;;
1941;Lucrative;positive;en;;;
1942;Meditate;positive;en;;;
1943;Mind-Blowing;positive;en;;;
1944;Modify;positive;en;;;
1945;Nourished;positive;en;;;
1946;Nurture;positive;en;;;
1947;Plenteous;positive;en;;;
1948;Plethora;positive;en;;;
1949;Purpose;positive;en;;;
1950;Refinement;positive;en;;;
1951;Rejuvenate;positive;en;;;
1952;Rely;positive;en;;;
1953;Resound;positive;en;;;
1954;Restore;positive;en;;;
1955;Rousing;positive;en;;;
1956;See;positive;en;;;
1957;Shift;positive;en;;;
1958;Silence;positive;en;;;
1959;Solution;positive;en;;;
1960;Spirit;positive;en;;;
1961;Stir;positive;en;;;
1962;Synchronized;positive;en;;;
1963;Therapeutic;positive;en;;;
1964;Thrive;positive;en;;;
1965;Unusual;positive;en;;;
1966;Value;positive;en;;;
1967;Venture;positive;en;;;
1968;Visualize;positive;en;;;
1969;Voyage;positive;en;;;
1970;Yippee;positive;en;;;
1971;Zing;positive;en;;;
